sup,nombre,categoria,subcategoria,reason,sugerida,conf
Jumbo,Leche con Chocolate Milo Protein Up 330 ml,"Lacteos, Huevos y Congelados",Leche,bebida_fuera_de_bebidas,Bebidas > Bebidas,Media
Jumbo,Yogurt + Cereal Nestlé Milo 142 g,"Lacteos, Huevos y Congelados",Yogurt,bebida_fuera_de_bebidas,Bebidas > Bebidas,Media
Jumbo,Yogurt + Cereal Nestlé Chocapic+ Milo Multipack 142 g 5 un.,"Lacteos, Huevos y Congelados",Yogurt,bebida_fuera_de_bebidas,Bebidas > Bebidas,Media
Jumbo,Pack 6 un. Yogurt Batido Yogu Yogu Mora 115 ml,"Lacteos, Huevos y Congelados",Yogurt,bebida_fuera_de_bebidas,Bebidas > Bebidas,Media
Jumbo,Yogurt Yogu Yogu Sabor Mora Botella 900 g,"Lacteos, Huevos y Congelados",Yogurt,bebida_fuera_de_bebidas,Bebidas > Bebidas,Media
Jumbo,Yogurt Yogu Yogu Sabor Frutilla Botella 900 g,"Lacteos, Huevos y Congelados",Yogurt,bebida_fuera_de_bebidas,Bebidas > Bebidas,Media
Jumbo,Pack 6 un. Yogurt Batido Yogu Yogu Frutilla 115 ml,"Lacteos, Huevos y Congelados",Yogurt,bebida_fuera_de_bebidas,Bebidas > Bebidas,Media
Jumbo,Yogurt Batido Yogu Yogu Frutilla 115 ml,"Lacteos, Huevos y Congelados",Yogurt,bebida_fuera_de_bebidas,Bebidas > Bebidas,Media
Jumbo,Yogurt Batido Yogu Yogu Mora 115 ml,"Lacteos, Huevos y Congelados",Yogurt,bebida_fuera_de_bebidas,Bebidas > Bebidas,Media
Jumbo,Yogurt Yogu Yogu Tetra Damasco 115 g,"Lacteos, Huevos y Congelados",Yogurt,bebida_fuera_de_bebidas,Bebidas > Bebidas,Media
Jumbo,Pack 6 un. Yogurt Batido Yogu Yogu Vainilla 115 ml,"Lacteos, Huevos y Congelados",Yogurt,bebida_fuera_de_bebidas,Bebidas > Bebidas,Media
Jumbo,Yogurt Batido Yogu Yogu Vainilla 115 ml,"Lacteos, Huevos y Congelados",Yogurt,bebida_fuera_de_bebidas,Bebidas > Bebidas,Media
Jumbo,Bebida de Coco Lady Coconut Tetra 500 ml,"Lacteos, Huevos y Congelados",Crema,bebida_fuera_de_bebidas,Bebidas > Bebidas,Media
Jumbo,Naranja Jugo Malla 3 kg,Frutas y Verduras,Frutas,bebida_fuera_de_bebidas,Bebidas > Jugos,Media
Jumbo,Naranjas Jugo Malla de Yute 2.5 kg,Frutas y Verduras,Frutas,bebida_fuera_de_bebidas,Bebidas > Jugos,Media
Jumbo,Zanahorias Jugo 1 kg,Frutas y Verduras,Verduras,bebida_fuera_de_bebidas,Bebidas > Jugos,Media
Jumbo,Zanahoria Jugo Bolsa 1 kg,Frutas y Verduras,Verduras,bebida_fuera_de_bebidas,Bebidas > Jugos,Media
Jumbo,Vino Las Encinas Semillon 750 cc,Carnes y Pescados,Cecinas,bebida_fuera_de_bebidas,Bebidas > Vinos,Media
Jumbo,"Atún Lomitos con Jugo de Limón 91 g drenado, 140 g neto",Carnes y Pescados,Pescados,bebida_fuera_de_bebidas,Bebidas > Jugos,Media
Jumbo,"Atún Lomitos con Jugo de Limón 104 g drenado, 160 g neto",Carnes y Pescados,Pescados,bebida_fuera_de_bebidas,Bebidas > Jugos,Media
Jumbo,Atún Lomo Con Jugo De Limón Robinson Crusoe 120 g drenado,Carnes y Pescados,Pescados,bebida_fuera_de_bebidas,Bebidas > Jugos,Media
Jumbo,Tripack Atún Lomitos con Jugo de Limón 3 un. 52 g Drenado,Carnes y Pescados,Pescados,bebida_fuera_de_bebidas,Bebidas > Jugos,Media
Jumbo,Bebida Vegetal Cuisine & Co Almendras Sabor Chocolate 1 L,Congelados,Congelados,bebida_fuera_de_bebidas,Bebidas > Bebidas,Media
Jumbo,Bebida Vegetal Cuisine & Co Almendras Sabor Natural Sin Azúcar 1 L,Congelados,Congelados,bebida_fuera_de_bebidas,Bebidas > Bebidas,Media
Jumbo,Bebida Vegetal Cuisine & Co Coco Sin Azúcar 1 L,Congelados,Congelados,bebida_fuera_de_bebidas,Bebidas > Bebidas,Media
Jumbo,Bebida Vegetal Cuisine & Co Almendras Sabor Vainilla 1 L,Congelados,Congelados,bebida_fuera_de_bebidas,Bebidas > Bebidas,Media
Jumbo,Bebida Vegetal Cuisine & Co Almendras Sabor Natural 1 L,Congelados,Congelados,bebida_fuera_de_bebidas,Bebidas > Bebidas,Media
Jumbo,Bebida Vegetal Cuisine & Co Coco Original 1 L,Congelados,Congelados,bebida_fuera_de_bebidas,Bebidas > Bebidas,Media
Jumbo,Jugo de Limón Frutos del Maipo 400 g,Congelados,Congelados,bebida_fuera_de_bebidas,Bebidas > Jugos,Media
Jumbo,Bebida Vegetal ViviCosí Soya Sin Gluten 1 L,Congelados,Congelados,bebida_fuera_de_bebidas,Bebidas > Bebidas,Media
Jumbo,Bebida Vegetal Loncoleche Almendra 1 L,Congelados,Congelados,bebida_fuera_de_bebidas,Bebidas > Bebidas,Media
Jumbo,Bebida Vegetal Vilay Almendras Sabor Original Sin Azúcar 1 L,Congelados,Congelados,bebida_fuera_de_bebidas,Bebidas > Bebidas,Media
Jumbo,Bebida Vegetal NotMilk Low Fat 1 L,Congelados,Congelados,bebida_fuera_de_bebidas,Bebidas > Bebidas,Media
Jumbo,Bebida Vegetal Natrue Soya 1 L,Congelados,Congelados,bebida_fuera_de_bebidas,Bebidas > Bebidas,Media
Jumbo,Bebida Vegetal OraSì Soya 1 L,Congelados,Congelados,bebida_fuera_de_bebidas,Bebidas > Bebidas,Media
Jumbo,Bebida Vegetal NotMilk Original 1 L,Congelados,Congelados,bebida_fuera_de_bebidas,Bebidas > Bebidas,Media
Jumbo,Bebida Vegetal Loncoleche Soya Chocolate 1 L,Congelados,Congelados,bebida_fuera_de_bebidas,Bebidas > Bebidas,Media
Jumbo,Bebida Vegetal NotMilk Chocolate 1 L,Congelados,Congelados,bebida_fuera_de_bebidas,Bebidas > Bebidas,Media
Jumbo,Bebida Vegetal Loncoleche Soya Natural 1 L,Congelados,Congelados,bebida_fuera_de_bebidas,Bebidas > Bebidas,Media
Jumbo,Bebida Vegetal Berief Soya Natural Sin Azúcar 1 L,Congelados,Congelados,bebida_fuera_de_bebidas,Bebidas > Bebidas,Media
Jumbo,Bebida Vegetal NotMilk Zero Sin Azúcar 1 L,Congelados,Congelados,bebida_fuera_de_bebidas,Bebidas > Bebidas,Media
Jumbo,Bebida Vegetal NotMilk Kids Chocolate 200 ml,Congelados,Congelados,bebida_fuera_de_bebidas,Bebidas > Bebidas,Media
Jumbo,Bebida Vegetal Vilay Coco Sin Azúcar Sabor Original 1 L,Congelados,Congelados,bebida_fuera_de_bebidas,Bebidas > Bebidas,Media
Jumbo,Bebida Vegetal NotShake Chocolate Protein 250 ml,Congelados,Congelados,bebida_fuera_de_bebidas,Bebidas > Bebidas,Media
Jumbo,Bebida Vegetal Vilay Arroz y Chocolate Fun 200 cc,Congelados,Congelados,bebida_fuera_de_bebidas,Bebidas > Bebidas,Media
Jumbo,Bebida Vegetal Vilay Almendras Sabor Chocolate 1 L,Congelados,Congelados,bebida_fuera_de_bebidas,Bebidas > Bebidas,Media
Jumbo,Bebida Vegetal NotMilk Chocolate 1 L,Congelados,Congelados,bebida_fuera_de_bebidas,Bebidas > Bebidas,Media
Jumbo,Bebida Vegetal Loncoleche Soya 1 L,Congelados,Congelados,bebida_fuera_de_bebidas,Bebidas > Bebidas,Media
Jumbo,Bebida Vegetal Almendrola Almendra Sin Azúcar 1 L,Congelados,Congelados,bebida_fuera_de_bebidas,Bebidas > Bebidas,Media
Jumbo,Bebida Vegetal Vilay Almendra Original 200 cc,Congelados,Congelados,bebida_fuera_de_bebidas,Bebidas > Bebidas,Media
Jumbo,Bebida Vegetal Vilay Almendras Sabor Vainilla 1 L,Congelados,Congelados,bebida_fuera_de_bebidas,Bebidas > Bebidas,Media
Jumbo,Bebida Vegetal ViviCosí Soya Vainilla Sin Gluten 1 L,Congelados,Congelados,bebida_fuera_de_bebidas,Bebidas > Bebidas,Media
Jumbo,Bebida Vegetal Vilay Arroz Sabor Chocolate 1 L,Congelados,Congelados,bebida_fuera_de_bebidas,Bebidas > Bebidas,Media
Jumbo,Bebida Vegetal Natrue Almendra 0% Azúcar 1 L,Congelados,Congelados,bebida_fuera_de_bebidas,Bebidas > Bebidas,Media
Jumbo,Bebida Vegetal NotMilk Protein Complete con 7 g Proteína 750 ml,Congelados,Congelados,bebida_fuera_de_bebidas,Bebidas > Bebidas,Media
Jumbo,Bebida Vegetal NotShake Café Caramelo 16g Proteína 250 ml,Congelados,Congelados,bebida_fuera_de_bebidas,Bebidas > Bebidas,Media
Jumbo,Bebida Vegetal ViviCosí Coco Sin Azúcar y Gluten 1 L,Congelados,Congelados,bebida_fuera_de_bebidas,Bebidas > Bebidas,Media
Jumbo,Bebida Vegetal Vilay Almendras Sabor Original 1 L,Congelados,Congelados,bebida_fuera_de_bebidas,Bebidas > Bebidas,Media
Jumbo,Bebida Vegetal Buonocosí Arroz Sin Gluten 1 L,Congelados,Congelados,bebida_fuera_de_bebidas,Bebidas > Bebidas,Media
Jumbo,Bebida Vegetal Nature's Heart Almendra Sin Azúcar Añadida 1 L,Congelados,Congelados,bebida_fuera_de_bebidas,Bebidas > Bebidas,Media
Jumbo,Bebida Vegetal Vilay Coco Sabor Chocolate 1 L,Congelados,Congelados,bebida_fuera_de_bebidas,Bebidas > Bebidas,Media
Jumbo,Bebida Vegetal Vilay Wilk Chocolate 1 L,Congelados,Congelados,bebida_fuera_de_bebidas,Bebidas > Bebidas,Media
Jumbo,Bebida Vegetal Vilay Arroz Sabor Original 1 L,Congelados,Congelados,bebida_fuera_de_bebidas,Bebidas > Bebidas,Media
Jumbo,Bebida Vegetal Vilay Almendra y Vainilla Original 200 ml,Congelados,Congelados,bebida_fuera_de_bebidas,Bebidas > Bebidas,Media
Jumbo,Bebida Vegetal OraSì Barista Almendra 1 L,Congelados,Congelados,bebida_fuera_de_bebidas,Bebidas > Bebidas,Media
Jumbo,Bebida Vegetal ViviCosi Avellana Cacao Sin Gluten 1 L,Congelados,Congelados,bebida_fuera_de_bebidas,Bebidas > Bebidas,Media
Jumbo,Bebida Vegetal Vilay Wilk Capuccino Caramel 330 ml,Congelados,Congelados,bebida_fuera_de_bebidas,Bebidas > Bebidas,Media
Jumbo,Bebida Vegetal Vilay Coco Sabor Original 1 L,Congelados,Congelados,bebida_fuera_de_bebidas,Bebidas > Bebidas,Media
Jumbo,Bebida Vegetal Tucapel Arroz Chocolate 1 L,Congelados,Congelados,bebida_fuera_de_bebidas,Bebidas > Bebidas,Media
Jumbo,Bebida Vegetal OraSì Arroz 1 L,Congelados,Congelados,bebida_fuera_de_bebidas,Bebidas > Bebidas,Media
Jumbo,Bebida Vegetal Vilay Wilk Capuccino Vainilla 330 ml,Congelados,Congelados,bebida_fuera_de_bebidas,Bebidas > Bebidas,Media
Jumbo,Bebida Vegetal Vilay Wilk Te Chai 330 ml,Congelados,Congelados,bebida_fuera_de_bebidas,Bebidas > Bebidas,Media
Jumbo,Bebida de Coco Thai 400 ml,Congelados,Congelados,bebida_fuera_de_bebidas,Bebidas > Bebidas,Media
Jumbo,Bebida Vegetal Nature's Heart Coco 1 L,Congelados,Congelados,bebida_fuera_de_bebidas,Bebidas > Bebidas,Media
Jumbo,Bebida Vegetal Tucapel Arroz Clásica 1 L,Congelados,Congelados,bebida_fuera_de_bebidas,Bebidas > Bebidas,Media
Jumbo,Bebida Vegetal Riso Scotti Orgánica de Almendra Sin Azúcar 1 L,Congelados,Congelados,bebida_fuera_de_bebidas,Bebidas > Bebidas,Media
Jumbo,Bebida Vegetal Vilay Wilk Original Sin Azúcar 1 L,Congelados,Congelados,bebida_fuera_de_bebidas,Bebidas > Bebidas,Media
Jumbo,Bebida Vegetal Vilay Barista Almendra Sin Azúcar 1 L,Congelados,Congelados,bebida_fuera_de_bebidas,Bebidas > Bebidas,Media
Jumbo,Bebida Vegetal OraSì Barista Soya 1 L,Congelados,Congelados,bebida_fuera_de_bebidas,Bebidas > Bebidas,Media
Jumbo,Pack 4 un. Jalea Nestlé Bilz 110 g,Congelados,Congelados,bebida_fuera_de_bebidas,Bebidas > Bebidas,Media
Jumbo,Bebida Vegetal Ades Soya Piña 200 ml 6 un.,Congelados,Congelados,bebida_fuera_de_bebidas,Bebidas > Bebidas,Media
Jumbo,Bebida Vegetal Nude Orgánica Vainilla 1 L,Congelados,Congelados,bebida_fuera_de_bebidas,Bebidas > Bebidas,Media
Jumbo,Bebida Vegetal Original Nature's Heart 1 L,Congelados,Congelados,bebida_fuera_de_bebidas,Bebidas > Bebidas,Media
Jumbo,Bebida Vegetal Almond Breeze Almendra Vainilla 946 ml,Congelados,Congelados,bebida_fuera_de_bebidas,Bebidas > Bebidas,Media
Jumbo,Bebida Vegetal OraSì Barista Soya 500 ml,Congelados,Congelados,bebida_fuera_de_bebidas,Bebidas > Bebidas,Media
Jumbo,Bebida Vegetal Nude Orgánica Original 1 L,Congelados,Congelados,bebida_fuera_de_bebidas,Bebidas > Bebidas,Media
Jumbo,Bebida Vegetal Vilay Barista Coco Sin Azúcar 1 L,Congelados,Congelados,bebida_fuera_de_bebidas,Bebidas > Bebidas,Media
Jumbo,Bebida Vegetal OraSì Chocolate 500 cc,Congelados,Congelados,bebida_fuera_de_bebidas,Bebidas > Bebidas,Media
Jumbo,Bebida Vegetal Nature's Heart Almendras Coco Proteína 1 L,Congelados,Congelados,bebida_fuera_de_bebidas,Bebidas > Bebidas,Media
Jumbo,Bebida de Arroz Tucapel Chocolate 200 ml,Congelados,Congelados,bebida_fuera_de_bebidas,Bebidas > Bebidas,Media
Jumbo,Bebida Vegetal Nature's Heart Coco Sin Azúcar Añadida 1 L,Congelados,Congelados,bebida_fuera_de_bebidas,Bebidas > Bebidas,Media
Jumbo,Bebida Vegetal Nature's Heart Almendra 1 L,Congelados,Congelados,bebida_fuera_de_bebidas,Bebidas > Bebidas,Media
Jumbo,Bebida Vegetal OraSì Pistacho 500 cc,Congelados,Congelados,bebida_fuera_de_bebidas,Bebidas > Bebidas,Media
Jumbo,Bebida Vegetal Almond Breeze Almendra Coco 946 ml,Congelados,Congelados,bebida_fuera_de_bebidas,Bebidas > Bebidas,Media
Jumbo,Bebida Vegetal Nude Orgánica Barista 1 L,Congelados,Congelados,bebida_fuera_de_bebidas,Bebidas > Bebidas,Media
Jumbo,Bebida Vegetal OraSi Almendra 1 L,Congelados,Congelados,bebida_fuera_de_bebidas,Bebidas > Bebidas,Media
Jumbo,Bebida Vegetal NotMilk French Vanilla 1 L,Congelados,Congelados,bebida_fuera_de_bebidas,Bebidas > Bebidas,Media
Jumbo,Bebida Vegetal ViviCosi Soya Cacao Sin Gluten 1 L,Congelados,Congelados,bebida_fuera_de_bebidas,Bebidas > Bebidas,Media
Jumbo,Bebida de Coco Sin Azúcar 946 ml,Congelados,Congelados,bebida_fuera_de_bebidas,Bebidas > Bebidas,Media
Jumbo,"Melón Tuna para Jugo Minuto Verde Doypack 335 g, Congelado, Rinde 1 L",Congelados,Congelados,bebida_fuera_de_bebidas,Bebidas > Jugos,Media
Jumbo,Bebida de almendra chocolate 946 ml,Congelados,Congelados,bebida_fuera_de_bebidas,Bebidas > Bebidas,Media
Jumbo,Bebida Vegetal Loncoleche Almendra 1 L,Congelados,Congelados,bebida_fuera_de_bebidas,Bebidas > Bebidas,Media
Jumbo,Bebida Vegetal OraSì Almendra 1 L,Congelados,Congelados,bebida_fuera_de_bebidas,Bebidas > Bebidas,Media
Jumbo,Bebida Vegetal Riso Scotti Arroz Chocolate Orgánico 1 L,Congelados,Congelados,bebida_fuera_de_bebidas,Bebidas > Bebidas,Media
Jumbo,Bebida Vegetal Buonocosí Almendra Sin Gluten 1 L,Congelados,Congelados,bebida_fuera_de_bebidas,Bebidas > Bebidas,Media
Jumbo,Bebida Vegetal Ades Almendra 1 L,Congelados,Congelados,bebida_fuera_de_bebidas,Bebidas > Bebidas,Media
Jumbo,Bebida Vegetal Beegan Almendras 1 L,Congelados,Congelados,bebida_fuera_de_bebidas,Bebidas > Bebidas,Media
Jumbo,Bebida Vegetal OraSì Almendra Orgánica 1 L,Congelados,Congelados,bebida_fuera_de_bebidas,Bebidas > Bebidas,Media
Jumbo,Bebida Vegetal Nature's Heart Almendra Vainilla 1 L,Congelados,Congelados,bebida_fuera_de_bebidas,Bebidas > Bebidas,Media
Jumbo,Bebida Vegetal Chía Chocolate 1 L,Congelados,Congelados,bebida_fuera_de_bebidas,Bebidas > Bebidas,Media
Jumbo,Bebida Vegetal Chía Original 1 L,Congelados,Congelados,bebida_fuera_de_bebidas,Bebidas > Bebidas,Media
Jumbo,Bebida Vegetal Ades Almendra Sin Azúcar 1 L,Congelados,Congelados,bebida_fuera_de_bebidas,Bebidas > Bebidas,Media
Jumbo,Bebida Vegetal Arroz 1 L,Congelados,Congelados,bebida_fuera_de_bebidas,Bebidas > Bebidas,Media
Jumbo,Bebida Vegetal Notmilk Café Caramelo 1 L,Congelados,Congelados,bebida_fuera_de_bebidas,Bebidas > Bebidas,Media
Jumbo,Bebida Vegetal OraSì Barista Soya 1 L,Congelados,Congelados,bebida_fuera_de_bebidas,Bebidas > Bebidas,Media
Jumbo,Bebida Vegetal Notmilk High Protein Peanut Butter 250 ml,Congelados,Congelados,bebida_fuera_de_bebidas,Bebidas > Bebidas,Media
Jumbo,Bebida Vegetal OraSì Avellana 1 L,Congelados,Congelados,bebida_fuera_de_bebidas,Bebidas > Bebidas,Media
Jumbo,Bebida de almendras sin azúcar 1 L,Congelados,Congelados,bebida_fuera_de_bebidas,Bebidas > Bebidas,Media
Jumbo,Bebida Base de Cebada Ecco Instantáneo 170 g,Despensa,Cafe,bebida_fuera_de_bebidas,Bebidas > Bebidas,Media
Jumbo,Papayas en Trocitos Al Jugo 200 g drenado,Despensa,Conservas,bebida_fuera_de_bebidas,Bebidas > Jugos,Media
Jumbo,Piñas en Rodajas Al Jugo 560 g neto,Despensa,Conservas,bebida_fuera_de_bebidas,Bebidas > Jugos,Media
Jumbo,Cerezas Al Jugo Centauro 310 g drenado,Despensa,Conservas,bebida_fuera_de_bebidas,Bebidas > Jugos,Media
Jumbo,Peras en Mitades Al Jugo Perelló 320 g drenado,Despensa,Conservas,bebida_fuera_de_bebidas,Bebidas > Jugos,Media
Jumbo,Arandanos Al Jugo 200 g drenado,Despensa,Conservas,bebida_fuera_de_bebidas,Bebidas > Jugos,Media
Jumbo,Cerezas Al Jugo Centauro Sin Azúcar 225 g drenado,Despensa,Conservas,bebida_fuera_de_bebidas,Bebidas > Jugos,Media
Jumbo,Frutillas Al Jugo Centauro Sin Azúcar 150 g drenado,Despensa,Conservas,bebida_fuera_de_bebidas,Bebidas > Jugos,Media
Jumbo,Jugo de Verduras V8 100 % Natural Lata 340 cc,Despensa,Salsas,bebida_fuera_de_bebidas,Bebidas > Jugos,Media
Jumbo,Sucedáneo Jugo Limón Traverso 1 L,Despensa,Condimentos,bebida_fuera_de_bebidas,Bebidas > Jugos,Media
Jumbo,Sucedáneo Jugo Limón Traverso 500 ml,Despensa,Condimentos,bebida_fuera_de_bebidas,Bebidas > Jugos,Media
Jumbo,Sucedáneo Jugo Limón Pica Traverso 1 L,Despensa,Condimentos,bebida_fuera_de_bebidas,Bebidas > Jugos,Media
Jumbo,Sucedáneo Jugo Limón Pica Traverso 500 ml,Despensa,Condimentos,bebida_fuera_de_bebidas,Bebidas > Jugos,Media
Jumbo,Sucedáneo Jugo Limón 800 ml,Despensa,Condimentos,bebida_fuera_de_bebidas,Bebidas > Jugos,Media
Jumbo,Cereal Milo 300 g,Desayuno y Snacks,Cereales,bebida_fuera_de_bebidas,Bebidas > Bebidas,Media
Jumbo,Cereal Milo 700 g,Desayuno y Snacks,Cereales,bebida_fuera_de_bebidas,Bebidas > Bebidas,Media
Jumbo,Cereal Milo 30 g,Desayuno y Snacks,Cereales,bebida_fuera_de_bebidas,Bebidas > Bebidas,Media
Jumbo,Cereal Milo Max 300 g,Desayuno y Snacks,Cereales,bebida_fuera_de_bebidas,Bebidas > Bebidas,Media
Jumbo,Cereal Milo Minis 330 g,Desayuno y Snacks,Cereales,bebida_fuera_de_bebidas,Bebidas > Bebidas,Media
Jumbo,Cereal Milo 390 g,Desayuno y Snacks,Cereales,bebida_fuera_de_bebidas,Bebidas > Bebidas,Media
Jumbo,Cereal Milo 805 g,Desayuno y Snacks,Cereales,bebida_fuera_de_bebidas,Bebidas > Bebidas,Media
Jumbo,Cereal Milo 480 g,Desayuno y Snacks,Cereales,bebida_fuera_de_bebidas,Bebidas > Bebidas,Media
Jumbo,Cereal Milo 230 g,Desayuno y Snacks,Cereales,bebida_fuera_de_bebidas,Bebidas > Bebidas,Media
Jumbo,Cereal Chocapic/Milo Multipack 480 g,Desayuno y Snacks,Cereales,bebida_fuera_de_bebidas,Bebidas > Bebidas,Media
Jumbo,Galletas Mini Vino 35 g,Desayuno y Snacks,Galletas,bebida_fuera_de_bebidas,Bebidas > Vinos,Media
Jumbo,Galletas Mckay Vino 155 g,Desayuno y Snacks,Galletas,bebida_fuera_de_bebidas,Bebidas > Vinos,Media
Jumbo,Galletas Vino 160 g,Desayuno y Snacks,Galletas,bebida_fuera_de_bebidas,Bebidas > Vinos,Media
Jumbo,Galletas Mckay Mini Vino 40 g,Desayuno y Snacks,Galletas,bebida_fuera_de_bebidas,Bebidas > Vinos,Media
Jumbo,Caja 42 un. Galletas Mckay Mini Vino 40 g,Desayuno y Snacks,Galletas,bebida_fuera_de_bebidas,Bebidas > Vinos,Media
Jumbo,Galletas Vino 160 g,Desayuno y Snacks,Galletas,bebida_fuera_de_bebidas,Bebidas > Vinos,Media
Jumbo,Néctar Naranja 190 ml,Desayuno y Snacks,Galletas,bebida_fuera_de_bebidas,Bebidas > Jugos,Media
Jumbo,Cebolla Caramelizada La Sazonería con Vino 250 g,Desayuno y Snacks,Galletas,bebida_fuera_de_bebidas,Bebidas > Vinos,Media
Jumbo,Pimiento Caramelizado La Sazonería con Vino 250 g,Desayuno y Snacks,Galletas,bebida_fuera_de_bebidas,Bebidas > Vinos,Media
Jumbo,Higos con Vino y Oporto 250 g,Desayuno y Snacks,Galletas,bebida_fuera_de_bebidas,Bebidas > Vinos,Media
Jumbo,Chocolate Amargo Entrelagos con Bebida de Avellana y Nibs 80 g,Desayuno y Snacks,Galletas,bebida_fuera_de_bebidas,Bebidas > Bebidas,Media
Jumbo,Néctar Piña 200 ml,Desayuno y Snacks,Galletas,bebida_fuera_de_bebidas,Bebidas > Jugos,Media
Jumbo,Néctar Durazno 200 ml,Desayuno y Snacks,Galletas,bebida_fuera_de_bebidas,Bebidas > Jugos,Media
Jumbo,Néctar del Valle Naranja 200 ml,Desayuno y Snacks,Galletas,bebida_fuera_de_bebidas,Bebidas > Jugos,Media
Jumbo,Néctar Manzana 190 ml,Desayuno y Snacks,Galletas,bebida_fuera_de_bebidas,Bebidas > Jugos,Media
Jumbo,Néctar Watt's Piña 200 cc,Desayuno y Snacks,Galletas,bebida_fuera_de_bebidas,Bebidas > Jugos,Media
Jumbo,Néctar Piña 190 ml,Desayuno y Snacks,Galletas,bebida_fuera_de_bebidas,Bebidas > Jugos,Media
Jumbo,Néctar Livean Naranja 200 ml,Desayuno y Snacks,Galletas,bebida_fuera_de_bebidas,Bebidas > Jugos,Media
Jumbo,Néctar Watt's Naranja 200 cc,Desayuno y Snacks,Galletas,bebida_fuera_de_bebidas,Bebidas > Jugos,Media
Jumbo,Néctar Watt's Naranja Light 200 cc,Desayuno y Snacks,Galletas,bebida_fuera_de_bebidas,Bebidas > Jugos,Media
Jumbo,Néctar Zuko Naranja 200 ml,Desayuno y Snacks,Galletas,bebida_fuera_de_bebidas,Bebidas > Jugos,Media
Jumbo,Néctar Watt's Manzana 200 cc,Desayuno y Snacks,Galletas,bebida_fuera_de_bebidas,Bebidas > Jugos,Media
Jumbo,Néctar Zuko Durazno 200 ml,Desayuno y Snacks,Galletas,bebida_fuera_de_bebidas,Bebidas > Jugos,Media
Jumbo,Néctar Berries 190 ml,Desayuno y Snacks,Galletas,bebida_fuera_de_bebidas,Bebidas > Jugos,Media
Jumbo,Néctar Livean Manzana 200 ml,Desayuno y Snacks,Galletas,bebida_fuera_de_bebidas,Bebidas > Jugos,Media
Jumbo,Néctar Livean Durazno 200 ml,Desayuno y Snacks,Galletas,bebida_fuera_de_bebidas,Bebidas > Jugos,Media
Jumbo,Néctar Durazno 190 ml,Desayuno y Snacks,Galletas,bebida_fuera_de_bebidas,Bebidas > Jugos,Media
Jumbo,Néctar Watt's Durazno 200 cc,Desayuno y Snacks,Galletas,bebida_fuera_de_bebidas,Bebidas > Jugos,Media
Jumbo,Néctar Zuko Piña 200 ml,Desayuno y Snacks,Galletas,bebida_fuera_de_bebidas,Bebidas > Jugos,Media
Jumbo,Jalea de Vino Carmenere Mickelsen 210 ml,Desayuno y Snacks,Galletas,bebida_fuera_de_bebidas,Bebidas > Vinos,Media
Jumbo,Néctar Livean Frutifrutilla 200 ml,Desayuno y Snacks,Galletas,bebida_fuera_de_bebidas,Bebidas > Jugos,Media
Jumbo,Néctar Watt's Manzana Light 200 cc,Desayuno y Snacks,Galletas,bebida_fuera_de_bebidas,Bebidas > Jugos,Media
Jumbo,Néctar Watt's Piña Light 200 ml,Desayuno y Snacks,Galletas,bebida_fuera_de_bebidas,Bebidas > Jugos,Media
Jumbo,Néctar Durazno 0% Azúcar Añadida 200 ml,Desayuno y Snacks,Galletas,bebida_fuera_de_bebidas,Bebidas > Jugos,Media
Jumbo,Néctar Naranja 0% Azúcar Añadida 200 ml,Desayuno y Snacks,Galletas,bebida_fuera_de_bebidas,Bebidas > Jugos,Media
Jumbo,Néctar Piña 0% Azúcar Añadida 200 ml,Desayuno y Snacks,Galletas,bebida_fuera_de_bebidas,Bebidas > Jugos,Media
Jumbo,Néctar Livean Piña 200 ml,Desayuno y Snacks,Galletas,bebida_fuera_de_bebidas,Bebidas > Jugos,Media
Jumbo,Agua Purificada 190 ml,Desayuno y Snacks,Galletas,bebida_fuera_de_bebidas,Bebidas > Aguas,Media
Jumbo,Jugo Kapo Manzana 252 ml,Desayuno y Snacks,Galletas,bebida_fuera_de_bebidas,Bebidas > Jugos,Media
Jumbo,Jugo Kapo Naranja 252 ml,Desayuno y Snacks,Galletas,bebida_fuera_de_bebidas,Bebidas > Jugos,Media
Jumbo,Jugo Kapo Frambuesa 252 ml,Desayuno y Snacks,Galletas,bebida_fuera_de_bebidas,Bebidas > Jugos,Media
Jumbo,Jugo Fruta Natural Watt's Naranja 200 ml,Desayuno y Snacks,Galletas,bebida_fuera_de_bebidas,Bebidas > Jugos,Media
Jumbo,Jugo Prensado Bless 14 Naranja 200 ml,Desayuno y Snacks,Galletas,bebida_fuera_de_bebidas,Bebidas > Jugos,Media
Jumbo,"Jugo Prensado Bless 10 Betarraga, Zanahoria y Manzana 200 ml",Desayuno y Snacks,Galletas,bebida_fuera_de_bebidas,Bebidas > Jugos,Media
Jumbo,Jugo Prensado Bless 07 Maracuyá Naranja 200 ml,Desayuno y Snacks,Galletas,bebida_fuera_de_bebidas,Bebidas > Jugos,Media
Jumbo,Jugo Colun 100% Natural Naranja 330 ml,Desayuno y Snacks,Galletas,bebida_fuera_de_bebidas,Bebidas > Jugos,Media
Jumbo,Jugo Colun 100% Natural Piña 330 ml,Desayuno y Snacks,Galletas,bebida_fuera_de_bebidas,Bebidas > Jugos,Media
Jumbo,Néctar Frutilla 200 ml,Desayuno y Snacks,Galletas,bebida_fuera_de_bebidas,Bebidas > Jugos,Media
Jumbo,Galleta Mckay Milo Mini 30 g,Desayuno y Snacks,Galletas,bebida_fuera_de_bebidas,Bebidas > Bebidas,Media
Jumbo,Néctar Durazno Light Watts 200 ml,Desayuno y Snacks,Galletas,bebida_fuera_de_bebidas,Bebidas > Jugos,Media
Jumbo,Galletas Milo 110 g,Desayuno y Snacks,Galletas,bebida_fuera_de_bebidas,Bebidas > Bebidas,Media
Jumbo,"Néctar Vivo Veggie Naranja, Zanahoria y Manzana 190 ml",Desayuno y Snacks,Galletas,bebida_fuera_de_bebidas,Bebidas > Jugos,Media
Jumbo,Néctar Vivo Mix Manzana Pera 190 ml,Desayuno y Snacks,Galletas,bebida_fuera_de_bebidas,Bebidas > Jugos,Media
Jumbo,Néctar Vivo Mix Manzana Piña 190 ml,Desayuno y Snacks,Galletas,bebida_fuera_de_bebidas,Bebidas > Jugos,Media
Jumbo,Galleta Mckay Vino XL 265G,Desayuno y Snacks,Galletas,bebida_fuera_de_bebidas,Bebidas > Vinos,Media
Jumbo,Jugo Afe Tetra Pak 200 cc,Desayuno y Snacks,Galletas,bebida_fuera_de_bebidas,Bebidas > Jugos,Media
Jumbo,Jugo 100% Fruta Manzana 190 ml,Desayuno y Snacks,Galletas,bebida_fuera_de_bebidas,Bebidas > Jugos,Media
Jumbo,Jugo Afe Pera 200 cc,Desayuno y Snacks,Galletas,bebida_fuera_de_bebidas,Bebidas > Jugos,Media
Jumbo,Jugo 100% Fruta Pera 190 ml,Desayuno y Snacks,Galletas,bebida_fuera_de_bebidas,Bebidas > Jugos,Media
Jumbo,Jugo Afe Manzana Orgánica 200 ml,Desayuno y Snacks,Galletas,bebida_fuera_de_bebidas,Bebidas > Jugos,Media
Jumbo,Pan Cristalino con Cerveza Europastry 196 g,Panaderia,Pan,bebida_fuera_de_bebidas,Bebidas > Cervezas,Media
Jumbo,Pasta Dental Colgate Luminous White Lovers Vino 70 g,Higiene Personal,Cuidado Bucal,bebida_fuera_de_bebidas,Bebidas > Vinos,Media
Unimarc,Bebida vegetal loncoleche almendra 1 l,"Lácteos, Huevos y Congelados",Leche,bebida_fuera_de_bebidas,Bebidas > Bebidas,Media
Unimarc,Leche chocolate fortificada milo 200 ml.,"Lácteos, Huevos y Congelados",Leche,bebida_fuera_de_bebidas,Bebidas > Bebidas,Media
Unimarc,Bebida de soya loncoleche natural 1 l,"Lácteos, Huevos y Congelados",Leche,bebida_fuera_de_bebidas,Bebidas > Bebidas,Media
Unimarc,Bebida coca cola original 1 l,"Lácteos, Huevos y Congelados",Leche,bebida_fuera_de_bebidas,Bebidas > Bebidas,Media
Unimarc,Bebida coca cola zero 1 l,"Lácteos, Huevos y Congelados",Leche,bebida_fuera_de_bebidas,Bebidas > Bebidas,Media
Unimarc,Bebida coca cola original desechable 3 l,"Lácteos, Huevos y Congelados",Leche,bebida_fuera_de_bebidas,Bebidas > Bebidas,Media
Unimarc,Bebida coca cola zero desechable 3 l,"Lácteos, Huevos y Congelados",Leche,bebida_fuera_de_bebidas,Bebidas > Bebidas,Media
Unimarc,Pack bebida coca cola original lata 6 un de 350 ml,"Lácteos, Huevos y Congelados",Leche,bebida_fuera_de_bebidas,Bebidas > Bebidas,Media
Unimarc,Bebida pepsi zero no retornable 3 l,"Lácteos, Huevos y Congelados",Leche,bebida_fuera_de_bebidas,Bebidas > Bebidas,Media
Unimarc,Pack bebida coca cola zero lata 6 un de 350 ml,"Lácteos, Huevos y Congelados",Leche,bebida_fuera_de_bebidas,Bebidas > Bebidas,Media
Unimarc,Bebida pepsi no retornable 3 l,"Lácteos, Huevos y Congelados",Leche,bebida_fuera_de_bebidas,Bebidas > Bebidas,Media
Unimarc,Pack bebida pepsi zero lata 6 un de 350 ml,"Lácteos, Huevos y Congelados",Leche,bebida_fuera_de_bebidas,Bebidas > Bebidas,Media
Unimarc,Bebida kem piña no retornable 3 l,"Lácteos, Huevos y Congelados",Leche,bebida_fuera_de_bebidas,Bebidas > Bebidas,Media
Unimarc,Pack bebida pepsi lata 6 un de 350 ml,"Lácteos, Huevos y Congelados",Leche,bebida_fuera_de_bebidas,Bebidas > Bebidas,Media
Unimarc,Pack bebida kem piña lata 6 un de 350 ml,"Lácteos, Huevos y Congelados",Leche,bebida_fuera_de_bebidas,Bebidas > Bebidas,Media
Unimarc,Pack bebida limón soda lata 6 un de 350 ml,"Lácteos, Huevos y Congelados",Leche,bebida_fuera_de_bebidas,Bebidas > Bebidas,Media
Unimarc,Bebida limón soda no retornable 3 l,"Lácteos, Huevos y Congelados",Leche,bebida_fuera_de_bebidas,Bebidas > Bebidas,Media
Unimarc,Bebida sprite desechable 1.25 l,"Lácteos, Huevos y Congelados",Leche,bebida_fuera_de_bebidas,Bebidas > Bebidas,Media
Unimarc,Bebida coca cola light 1 l,"Lácteos, Huevos y Congelados",Leche,bebida_fuera_de_bebidas,Bebidas > Bebidas,Media
Unimarc,Pack bebida bilz lata 6 un de 350 ml,"Lácteos, Huevos y Congelados",Leche,bebida_fuera_de_bebidas,Bebidas > Bebidas,Media
Unimarc,Bebida sprite zero desechable 1.25 l,"Lácteos, Huevos y Congelados",Leche,bebida_fuera_de_bebidas,Bebidas > Bebidas,Media
Unimarc,Pack bebida canada dry ginger ale lata 6 un de 350 ml,"Lácteos, Huevos y Congelados",Leche,bebida_fuera_de_bebidas,Bebidas > Bebidas,Media
Unimarc,Pack bebida orange crush lata 6 un de 350 ml,"Lácteos, Huevos y Congelados",Leche,bebida_fuera_de_bebidas,Bebidas > Bebidas,Media
Unimarc,Bebida pap no retornable 3 l,"Lácteos, Huevos y Congelados",Leche,bebida_fuera_de_bebidas,Bebidas > Bebidas,Media
Unimarc,Pack bebida canada dry agua tónica lata 6 un de 350 ml,"Lácteos, Huevos y Congelados",Leche,bebida_fuera_de_bebidas,Bebidas > Aguas,Media
Unimarc,Bebida fanta naranja desechable 1.25 l,"Lácteos, Huevos y Congelados",Leche,bebida_fuera_de_bebidas,Bebidas > Bebidas,Media
Unimarc,Bebida coca cola original botella 591 ml,"Lácteos, Huevos y Congelados",Leche,bebida_fuera_de_bebidas,Bebidas > Bebidas,Media
Unimarc,Bebida bilz no retornable 3 l,"Lácteos, Huevos y Congelados",Leche,bebida_fuera_de_bebidas,Bebidas > Bebidas,Media
Unimarc,Bebida canada dry ginger ale no retornable 3 l,"Lácteos, Huevos y Congelados",Leche,bebida_fuera_de_bebidas,Bebidas > Bebidas,Media
Unimarc,Bebida coca cola light desechable 3 l,"Lácteos, Huevos y Congelados",Leche,bebida_fuera_de_bebidas,Bebidas > Bebidas,Media
Unimarc,Red bull bebida energética sabor tropical lata 250 ml,"Lácteos, Huevos y Congelados",Leche,bebida_fuera_de_bebidas,Bebidas > Bebidas Energeticas,Media
Unimarc,Bebida isotónica gatorade zero blue berry 1 l,"Lácteos, Huevos y Congelados",Leche,bebida_fuera_de_bebidas,Bebidas > Bebidas,Media
Unimarc,Bebida fanta naranja sin azúcar 1.25 l,"Lácteos, Huevos y Congelados",Leche,bebida_fuera_de_bebidas,Bebidas > Bebidas,Media
Unimarc,Bebida coca cola zero botella 591 ml,"Lácteos, Huevos y Congelados",Leche,bebida_fuera_de_bebidas,Bebidas > Bebidas,Media
Unimarc,Pack bebida coca cola light lata 6 un de 350 ml,"Lácteos, Huevos y Congelados",Leche,bebida_fuera_de_bebidas,Bebidas > Bebidas,Media
Unimarc,Red bull bebida energética lata 250 ml,"Lácteos, Huevos y Congelados",Leche,bebida_fuera_de_bebidas,Bebidas > Bebidas Energeticas,Media
Unimarc,Bebida canada dry ginger ale zero no retornable 3 l,"Lácteos, Huevos y Congelados",Leche,bebida_fuera_de_bebidas,Bebidas > Bebidas,Media
Unimarc,Bebida fanta pomelo zero desechable 1.25 l,"Lácteos, Huevos y Congelados",Leche,bebida_fuera_de_bebidas,Bebidas > Bebidas,Media
Unimarc,Bebida orange crush no retornable 3 l,"Lácteos, Huevos y Congelados",Leche,bebida_fuera_de_bebidas,Bebidas > Bebidas,Media
Unimarc,Bebida isotónica gatorade cool blue 1 l,"Lácteos, Huevos y Congelados",Leche,bebida_fuera_de_bebidas,Bebidas > Bebidas,Media
Unimarc,Red bull bebida energética sabor acaí lata 250 ml,"Lácteos, Huevos y Congelados",Leche,bebida_fuera_de_bebidas,Bebidas > Bebidas Energeticas,Media
Unimarc,Bebida vegetal de almendras orasí 1 l,"Lacteos, Huevos y Congelados",Huevos,bebida_fuera_de_bebidas,Bebidas > Bebidas,Media
Unimarc,Yogurt batido yogu yogu mora 6 un de 115 ml,"Lacteos, Huevos y Congelados",Yogurt,bebida_fuera_de_bebidas,Bebidas > Bebidas,Media
Unimarc,Yogurt batido yogu yogu frutilla 6 un de 115 ml,"Lacteos, Huevos y Congelados",Yogurt,bebida_fuera_de_bebidas,Bebidas > Bebidas,Media
Unimarc,Yoghurt batido yogu yogu sabor mora botella 900 g,"Lacteos, Huevos y Congelados",Yogurt,bebida_fuera_de_bebidas,Bebidas > Bebidas,Media
Unimarc,Yoghurt batido yogu yogu sabor frutilla botella 900 g,"Lacteos, Huevos y Congelados",Yogurt,bebida_fuera_de_bebidas,Bebidas > Bebidas,Media
Unimarc,Sucedáneo jugo de limón traverso 500 ml,Despensa,Aceite,bebida_fuera_de_bebidas,Bebidas > Jugos,Media
Unimarc,Sucedáneo jugo de limón traverso 1 l,Despensa,Aceite,bebida_fuera_de_bebidas,Bebidas > Jugos,Media
Unimarc,Sucedáneo jugo de limón nuestra cocina botella 500 ml,Despensa,Aceite,bebida_fuera_de_bebidas,Bebidas > Jugos,Media
Unimarc,Sucedáneo jugo limón de pica traverso 500 ml,Despensa,Aceite,bebida_fuera_de_bebidas,Bebidas > Jugos,Media
Unimarc,Sucedáneo jugo limón de pica nuestra cocina botella 500 ml,Despensa,Aceite,bebida_fuera_de_bebidas,Bebidas > Jugos,Media
Unimarc,Bebida coca cola zero 1 l,Despensa,Azucar,bebida_fuera_de_bebidas,Bebidas > Bebidas,Media
Unimarc,Bebida coca cola zero desechable 3 l,Despensa,Azucar,bebida_fuera_de_bebidas,Bebidas > Bebidas,Media
Unimarc,Pack bebida coca cola zero lata 6 un de 350 ml,Despensa,Azucar,bebida_fuera_de_bebidas,Bebidas > Bebidas,Media
Unimarc,Bebida coca cola zero botella 591 ml,Despensa,Azucar,bebida_fuera_de_bebidas,Bebidas > Bebidas,Media
Unimarc,Bebida coca cola zero 1.5 l,Despensa,Azucar,bebida_fuera_de_bebidas,Bebidas > Bebidas,Media
Unimarc,Bebida pepsi zero no retornable 3 l,Despensa,Azucar,bebida_fuera_de_bebidas,Bebidas > Bebidas,Media
Unimarc,Pack bebida pepsi zero lata 6 un de 350 ml,Despensa,Azucar,bebida_fuera_de_bebidas,Bebidas > Bebidas,Media
Unimarc,Bebida coca cola light 1 l,Despensa,Azucar,bebida_fuera_de_bebidas,Bebidas > Bebidas,Media
Unimarc,Pack bebida coca cola + sprite sin azúcar 2 un 3 l,Despensa,Azucar,bebida_fuera_de_bebidas,Bebidas > Bebidas,Media
Unimarc,Bebida coca cola light desechable 3 l,Despensa,Azucar,bebida_fuera_de_bebidas,Bebidas > Bebidas,Media
Unimarc,Pack bebida coca cola light lata 6 un de 350 ml,Despensa,Azucar,bebida_fuera_de_bebidas,Bebidas > Bebidas,Media
Unimarc,Bebida coca cola light botella 591 ml,Despensa,Azucar,bebida_fuera_de_bebidas,Bebidas > Bebidas,Media
Unimarc,Bebida pepsi zero desechable 1.25 l,Despensa,Azucar,bebida_fuera_de_bebidas,Bebidas > Bebidas,Media
Unimarc,Pack bebida coca cola + fanta sin azúcar 2 un de 3 l,Despensa,Azucar,bebida_fuera_de_bebidas,Bebidas > Bebidas,Media
Unimarc,Bebida coca cola zero lata 473 ml (diseño aleatorio),Despensa,Azucar,bebida_fuera_de_bebidas,Bebidas > Bebidas,Media
Unimarc,Bebida pepsi zero 600 ml,Despensa,Azucar,bebida_fuera_de_bebidas,Bebidas > Bebidas,Media
Unimarc,Pack bebida coca cola + nordic sin azúcar 2 un de 3 l,Despensa,Azucar,bebida_fuera_de_bebidas,Bebidas > Bebidas,Media
Unimarc,Bebida coca cola light 1.5 l,Despensa,Azucar,bebida_fuera_de_bebidas,Bebidas > Bebidas,Media
Unimarc,Cóctel whisky jack daniels y coca cola sin azúcar lata 350 ml,Despensa,Azucar,bebida_fuera_de_bebidas,Bebidas > Bebidas,Media
Unimarc,Bebida pepsi zero no retornable 1.5 l,Despensa,Azucar,bebida_fuera_de_bebidas,Bebidas > Bebidas,Media
Unimarc,Bebida coca cola original 1 l,Despensa,Azucar,bebida_fuera_de_bebidas,Bebidas > Bebidas,Media
Unimarc,Bebida coca cola original desechable 3 l,Despensa,Azucar,bebida_fuera_de_bebidas,Bebidas > Bebidas,Media
Unimarc,Pack bebida coca cola original lata 6 un de 350 ml,Despensa,Azucar,bebida_fuera_de_bebidas,Bebidas > Bebidas,Media
Unimarc,Bebida pepsi no retornable 3 l,Despensa,Azucar,bebida_fuera_de_bebidas,Bebidas > Bebidas,Media
Unimarc,Bebida kem piña no retornable 3 l,Despensa,Azucar,bebida_fuera_de_bebidas,Bebidas > Bebidas,Media
Unimarc,Pack bebida pepsi lata 6 un de 350 ml,Despensa,Azucar,bebida_fuera_de_bebidas,Bebidas > Bebidas,Media
Unimarc,Pack bebida kem piña lata 6 un de 350 ml,Despensa,Azucar,bebida_fuera_de_bebidas,Bebidas > Bebidas,Media
Unimarc,Pack bebida limón soda lata 6 un de 350 ml,Despensa,Azucar,bebida_fuera_de_bebidas,Bebidas > Bebidas,Media
Unimarc,Bebida limón soda no retornable 3 l,Despensa,Azucar,bebida_fuera_de_bebidas,Bebidas > Bebidas,Media
Unimarc,Galletas mckay vino 155 g,Despensa,Azucar,bebida_fuera_de_bebidas,Bebidas > Vinos,Media
Unimarc,Pack bebida bilz lata 6 un de 350 ml,Despensa,Azucar,bebida_fuera_de_bebidas,Bebidas > Bebidas,Media
Unimarc,Pack bebida canada dry ginger ale lata 6 un de 350 ml,Despensa,Azucar,bebida_fuera_de_bebidas,Bebidas > Bebidas,Media
